<?xml version="1.0" encoding="utf-8"?>
<!--/274300/1181360/2.50/14/4/Connector/-->
<quadcept_library>
  <setting unit="mil" />
  <textstyle name="Default" height="47.244094488189" strokewidth="7.8740157480315" charwidth="47.244094488189" />
  <textstyle name="Dimension" height="19.6850393700787" strokewidth="0" charwidth="19.6850393700787" />
  <textstyle name="H127W0635TH00762" height="50" strokewidth="3" charwidth="25" />
  <textstyle name="H15W15TH02" height="59.0551181102362" strokewidth="7.8740157480315" charwidth="59.0551181102362" />
  <padstyle name="r300_100" surface="True" plated="False" isvia="False" nopaste="False" nomask="True" complex="False" holesize="0">
    <padshape layer="TOP" shape="rectangle" width="39.370078740157" height="118.11023622047" />
    <padshape layer="TOP_SOLDER_MASK" shape="rectangle" width="47.244094488188" height="125.9842519685" />
    <padshape layer="TOP_SOLDER_PASTE" shape="rectangle" width="39.370078740157" height="118.11023622047" />
  </padstyle>
  <footprint name="61001418221" originx="0" originy="0" pickpointx="0" pickpointy="0">
    <pcbpin number="1" name="1" style="r300_100" originx="-649.99999999999" originy="-59.055118110235" rotation="0" />
    <pcbpin number="2" name="2" style="r300_100" originx="-549.99999999999" originy="59.055118110235" rotation="0" />
    <pcbpin number="3" name="3" style="r300_100" originx="-449.99999999999" originy="-59.055118110235" rotation="0" />
    <pcbpin number="4" name="4" style="r300_100" originx="-350" originy="59.055118110235" rotation="0" />
    <pcbpin number="5" name="5" style="r300_100" originx="-250" originy="-59.055118110235" rotation="0" />
    <pcbpin number="6" name="6" style="r300_100" originx="-150" originy="59.055118110235" rotation="0" />
    <pcbpin number="7" name="7" style="r300_100" originx="-49.999999999999" originy="-59.055118110235" rotation="0" />
    <pcbpin number="8" name="8" style="r300_100" originx="49.999999999999" originy="59.055118110235" rotation="0" />
    <pcbpin number="9" name="9" style="r300_100" originx="150" originy="-59.055118110235" rotation="0" />
    <pcbpin number="10" name="10" style="r300_100" originx="250" originy="59.055118110235" rotation="0" />
    <pcbpin number="11" name="11" style="r300_100" originx="350" originy="-59.055118110235" rotation="0" />
    <pcbpin number="12" name="12" style="r300_100" originx="449.99999999999" originy="59.055118110235" rotation="0" />
    <pcbpin number="13" name="13" style="r300_100" originx="549.99999999999" originy="-59.055118110235" rotation="0" />
    <pcbpin number="14" name="14" style="r300_100" originx="649.99999999999" originy="59.055118110235" rotation="0" />
    <line layer="TOP_ASSEMBLY" originx="-699.99999999999" originy="49.999999999999" endx="699.99999999999" endy="49.999999999999" width="7.8740157480314" />
    <line layer="TOP_ASSEMBLY" originx="699.99999999999" originy="49.999999999999" endx="699.99999999999" endy="-49.999999999999" width="7.8740157480314" />
    <line layer="TOP_ASSEMBLY" originx="699.99999999999" originy="-49.999999999999" endx="-699.99999999999" endy="-49.999999999999" width="7.8740157480314" />
    <line layer="TOP_ASSEMBLY" originx="-699.99999999999" originy="-49.999999999999" endx="-699.99999999999" endy="49.999999999999" width="7.8740157480314" />
    <line layer="TOP_PLACE_BOUND" originx="-719.68503937007" originy="137.79527559055" endx="719.68503937007" endy="137.79527559055" width="3.9370078740157" />
    <line layer="TOP_PLACE_BOUND" originx="719.68503937007" originy="137.79527559055" endx="719.68503937007" endy="-137.79527559055" width="3.9370078740157" />
    <line layer="TOP_PLACE_BOUND" originx="719.68503937007" originy="-137.79527559055" endx="-719.68503937007" endy="-137.79527559055" width="3.9370078740157" />
    <line layer="TOP_PLACE_BOUND" originx="-719.68503937007" originy="-137.79527559055" endx="-719.68503937007" endy="137.79527559055" width="3.9370078740157" />
    <line layer="TOP_SILKSCREEN" originx="-688.97637795275" originy="-82.67716535433" endx="-688.97637795275" endy="-82.67716535433" width="7.8740157480314" />
    <arc layer="TOP_SILKSCREEN" originx="-688.97637795275" originy="-86.614173228345" startangle="90.0" sweepangle="180.0" radius="3.9370078740157" width="7.8740157480314" />
    <line layer="TOP_SILKSCREEN" originx="-688.97637795275" originy="-90.551181102361" endx="-688.97637795275" endy="-90.551181102361" width="7.8740157480314" />
    <arc layer="TOP_SILKSCREEN" originx="-688.97637795275" originy="-86.614173228345" startangle="-90.0" sweepangle="180.0" radius="3.9370078740157" width="7.8740157480314" />
    <line layer="TOP_SILKSCREEN" originx="-590.55118110236" originy="49.999999999999" endx="-699.99999999999" endy="49.999999999999" width="3.9370078740157" />
    <line layer="TOP_SILKSCREEN" originx="-699.99999999999" originy="49.999999999999" endx="-699.99999999999" endy="-49.999999999999" width="3.9370078740157" />
    <line layer="TOP_SILKSCREEN" originx="590.55118110236" originy="-49.999999999999" endx="699.99999999999" endy="-49.999999999999" width="3.9370078740157" />
    <line layer="TOP_SILKSCREEN" originx="699.99999999999" originy="-49.999999999999" endx="699.99999999999" endy="49.999999999999" width="3.9370078740157" />
    <line layer="TOP_SILKSCREEN" originx="0" originy="-49.999999999999" endx="98.425196850392" endy="-49.999999999999" width="3.9370078740157" />
    <line layer="TOP_SILKSCREEN" originx="-98.425196850392" originy="49.999999999999" endx="0" endy="49.999999999999" width="3.9370078740157" />
  </footprint>
  <symbol name="61001418221" originx="0" originy="0">
    <line originx="200" originy="100" endx="700" endy="100" width="0" />
    <line originx="700" originy="-700" endx="700" endy="100" width="0" />
    <line originx="700" originy="-700" endx="200" endy="-700" width="0" />
    <line originx="200" originy="100" endx="200" endy="-700" width="0" />
    <sympin number="1" originx="200" originy="0" rotation="180" length="100" width="7.8740157480315" flipped="False">
      <text name="pinname" originx="230" originy="0" style="Default" rotation="0" justify="left" flipped="False" hidden="False" data="1" />
      <text name="pindes" originx="140" originy="20" style="Default" rotation="0" justify="lowerright" flipped="False" hidden="False" data="1" />
    </sympin>
    <sympin number="2" originx="700" originy="0" rotation="0" length="100" width="7.8740157480315" flipped="False">
      <text name="pinname" originx="670" originy="0" style="Default" rotation="0" justify="right" flipped="False" hidden="False" data="2" />
      <text name="pindes" originx="760" originy="20" style="Default" rotation="0" justify="lowerleft" flipped="False" hidden="False" data="2" />
    </sympin>
    <sympin number="3" originx="200" originy="-100" rotation="180" length="100" width="7.8740157480315" flipped="False">
      <text name="pinname" originx="230" originy="-100" style="Default" rotation="0" justify="left" flipped="False" hidden="False" data="3" />
      <text name="pindes" originx="140" originy="-80" style="Default" rotation="0" justify="lowerright" flipped="False" hidden="False" data="3" />
    </sympin>
    <sympin number="4" originx="700" originy="-100" rotation="0" length="100" width="7.8740157480315" flipped="False">
      <text name="pinname" originx="670" originy="-100" style="Default" rotation="0" justify="right" flipped="False" hidden="False" data="4" />
      <text name="pindes" originx="760" originy="-80" style="Default" rotation="0" justify="lowerleft" flipped="False" hidden="False" data="4" />
    </sympin>
    <sympin number="5" originx="200" originy="-200" rotation="180" length="100" width="7.8740157480315" flipped="False">
      <text name="pinname" originx="230" originy="-200" style="Default" rotation="0" justify="left" flipped="False" hidden="False" data="5" />
      <text name="pindes" originx="140" originy="-180" style="Default" rotation="0" justify="lowerright" flipped="False" hidden="False" data="5" />
    </sympin>
    <sympin number="6" originx="700" originy="-200" rotation="0" length="100" width="7.8740157480315" flipped="False">
      <text name="pinname" originx="670" originy="-200" style="Default" rotation="0" justify="right" flipped="False" hidden="False" data="6" />
      <text name="pindes" originx="760" originy="-180" style="Default" rotation="0" justify="lowerleft" flipped="False" hidden="False" data="6" />
    </sympin>
    <sympin number="7" originx="200" originy="-300" rotation="180" length="100" width="7.8740157480315" flipped="False">
      <text name="pinname" originx="230" originy="-300" style="Default" rotation="0" justify="left" flipped="False" hidden="False" data="7" />
      <text name="pindes" originx="140" originy="-280" style="Default" rotation="0" justify="lowerright" flipped="False" hidden="False" data="7" />
    </sympin>
    <sympin number="8" originx="700" originy="-300" rotation="0" length="100" width="7.8740157480315" flipped="False">
      <text name="pinname" originx="670" originy="-300" style="Default" rotation="0" justify="right" flipped="False" hidden="False" data="8" />
      <text name="pindes" originx="760" originy="-280" style="Default" rotation="0" justify="lowerleft" flipped="False" hidden="False" data="8" />
    </sympin>
    <sympin number="9" originx="200" originy="-400" rotation="180" length="100" width="7.8740157480315" flipped="False">
      <text name="pinname" originx="230" originy="-400" style="Default" rotation="0" justify="left" flipped="False" hidden="False" data="9" />
      <text name="pindes" originx="140" originy="-380" style="Default" rotation="0" justify="lowerright" flipped="False" hidden="False" data="9" />
    </sympin>
    <sympin number="10" originx="700" originy="-400" rotation="0" length="100" width="7.8740157480315" flipped="False">
      <text name="pinname" originx="670" originy="-400" style="Default" rotation="0" justify="right" flipped="False" hidden="False" data="10" />
      <text name="pindes" originx="760" originy="-380" style="Default" rotation="0" justify="lowerleft" flipped="False" hidden="False" data="10" />
    </sympin>
    <sympin number="11" originx="200" originy="-500" rotation="180" length="100" width="7.8740157480315" flipped="False">
      <text name="pinname" originx="230" originy="-500" style="Default" rotation="0" justify="left" flipped="False" hidden="False" data="11" />
      <text name="pindes" originx="140" originy="-480" style="Default" rotation="0" justify="lowerright" flipped="False" hidden="False" data="11" />
    </sympin>
    <sympin number="12" originx="700" originy="-500" rotation="0" length="100" width="7.8740157480315" flipped="False">
      <text name="pinname" originx="670" originy="-500" style="Default" rotation="0" justify="right" flipped="False" hidden="False" data="12" />
      <text name="pindes" originx="760" originy="-480" style="Default" rotation="0" justify="lowerleft" flipped="False" hidden="False" data="12" />
    </sympin>
    <sympin number="13" originx="200" originy="-600" rotation="180" length="100" width="7.8740157480315" flipped="False">
      <text name="pinname" originx="230" originy="-600" style="Default" rotation="0" justify="left" flipped="False" hidden="False" data="13" />
      <text name="pindes" originx="140" originy="-580" style="Default" rotation="0" justify="lowerright" flipped="False" hidden="False" data="13" />
    </sympin>
    <sympin number="14" originx="700" originy="-600" rotation="0" length="100" width="7.8740157480315" flipped="False">
      <text name="pinname" originx="670" originy="-600" style="Default" rotation="0" justify="right" flipped="False" hidden="False" data="14" />
      <text name="pindes" originx="760" originy="-580" style="Default" rotation="0" justify="lowerleft" flipped="False" hidden="False" data="14" />
    </sympin>
  </symbol>
  <component name="61001418221" designatorprefix="J" height="366.14173228346" footprint="61001418221">
    <comppin designator="1" sympin="1" pinswap="0" gateswap="0" gate="1" group="1" side="" type="Any" name="1" />
    <comppin designator="2" sympin="2" pinswap="0" gateswap="0" gate="1" group="1" side="" type="Any" name="2" />
    <comppin designator="3" sympin="3" pinswap="0" gateswap="0" gate="1" group="1" side="" type="Any" name="3" />
    <comppin designator="4" sympin="4" pinswap="0" gateswap="0" gate="1" group="1" side="" type="Any" name="4" />
    <comppin designator="5" sympin="5" pinswap="0" gateswap="0" gate="1" group="1" side="" type="Any" name="5" />
    <comppin designator="6" sympin="6" pinswap="0" gateswap="0" gate="1" group="1" side="" type="Any" name="6" />
    <comppin designator="7" sympin="7" pinswap="0" gateswap="0" gate="1" group="1" side="" type="Any" name="7" />
    <comppin designator="8" sympin="8" pinswap="0" gateswap="0" gate="1" group="1" side="" type="Any" name="8" />
    <comppin designator="9" sympin="9" pinswap="0" gateswap="0" gate="1" group="1" side="" type="Any" name="9" />
    <comppin designator="10" sympin="10" pinswap="0" gateswap="0" gate="1" group="1" side="" type="Any" name="10" />
    <comppin designator="11" sympin="11" pinswap="0" gateswap="0" gate="1" group="1" side="" type="Any" name="11" />
    <comppin designator="12" sympin="12" pinswap="0" gateswap="0" gate="1" group="1" side="" type="Any" name="12" />
    <comppin designator="13" sympin="13" pinswap="0" gateswap="0" gate="1" group="1" side="" type="Any" name="13" />
    <comppin designator="14" sympin="14" pinswap="0" gateswap="0" gate="1" group="1" side="" type="Any" name="14" />
    <attached_symbol gate="1" name="61001418221" />
    <pinmap designator="1" footprintpin="1" />
    <pinmap designator="2" footprintpin="2" />
    <pinmap designator="3" footprintpin="3" />
    <pinmap designator="4" footprintpin="4" />
    <pinmap designator="5" footprintpin="5" />
    <pinmap designator="6" footprintpin="6" />
    <pinmap designator="7" footprintpin="7" />
    <pinmap designator="8" footprintpin="8" />
    <pinmap designator="9" footprintpin="9" />
    <pinmap designator="10" footprintpin="10" />
    <pinmap designator="11" footprintpin="11" />
    <pinmap designator="12" footprintpin="12" />
    <pinmap designator="13" footprintpin="13" />
    <pinmap designator="14" footprintpin="14" />
    <text name="Datasheet" originx="0" originy="0" style="Default" rotation="0" justify="" flipped="False" hidden="True" data="https://componentsearchengine.com/Datasheets/1/61001418221.pdf" />
    <text name="Description" originx="0" originy="0" style="Default" rotation="0" justify="" flipped="False" hidden="True" data="WURTH ELEKTRONIK - 61001418221 - Board-To-Board Connector, 2.54 mm, 14 Contacts, Header, WR-PHD Series, Surface Mount, 1 Rows" />
    <text name="Mouser Part Number" originx="0" originy="0" style="Default" rotation="0" justify="" flipped="False" hidden="True" data="710-61001418221" />
    <text name="Mouser Price/Stock" originx="0" originy="0" style="Default" rotation="0" justify="" flipped="False" hidden="True" data="https://www.mouser.co.uk/ProductDetail/Wurth-Elektronik/61001418221?qs=PhR8RmCirEZbaE9NVx%2FAsQ%3D%3D" />
    <text name="Manufacturer_Name" originx="0" originy="0" style="Default" rotation="0" justify="" flipped="False" hidden="True" data="Wurth Elektronik" />
    <text name="Manufacturer_Part_Number" originx="750" originy="200" style="Default" rotation="0" justify="left" flipped="False" hidden="False" data="61001418221" />
  </component>
</quadcept_library>
