<?xml version="1.0" encoding="utf-8"?>
<!--/573465/1181360/2.50/3/3/Variable Resistor/-->
<quadcept_library>
  <setting unit="mil" />
  <textstyle name="Default" height="47.244094488189" strokewidth="7.8740157480315" charwidth="47.244094488189" />
  <textstyle name="Dimension" height="19.6850393700787" strokewidth="0" charwidth="19.6850393700787" />
  <textstyle name="H127W0635TH00762" height="50" strokewidth="3" charwidth="25" />
  <textstyle name="H15W15TH02" height="59.0551181102362" strokewidth="7.8740157480315" charwidth="59.0551181102362" />
  <padstyle name="r160_110" surface="True" plated="False" isvia="False" nopaste="False" nomask="True" complex="False" holesize="0">
    <padshape layer="TOP" shape="rectangle" width="43.307086614173" height="62.992125984251" />
    <padshape layer="TOP_SOLDER_MASK" shape="rectangle" width="51.181102362204" height="70.866141732283" />
    <padshape layer="TOP_SOLDER_PASTE" shape="rectangle" width="43.307086614173" height="62.992125984251" />
  </padstyle>
  <padstyle name="r160_160" surface="True" plated="False" isvia="False" nopaste="False" nomask="True" complex="False" holesize="0">
    <padshape layer="TOP" shape="rectangle" width="62.992125984251" height="62.992125984251" />
    <padshape layer="TOP_SOLDER_MASK" shape="rectangle" width="70.866141732283" height="70.866141732283" />
    <padshape layer="TOP_SOLDER_PASTE" shape="rectangle" width="62.992125984251" height="62.992125984251" />
  </padstyle>
  <footprint name="3313J1103E" originx="0" originy="0" pickpointx="0" pickpointy="0">
    <pcbpin number="1" name="1" style="r160_110" originx="45.275590551181" originy="-57.086614173228" rotation="0" />
    <pcbpin number="2" name="2" style="r160_160" originx="0" originy="57.086614173228" rotation="0" />
    <pcbpin number="3" name="3" style="r160_110" originx="-45.275590551181" originy="-57.086614173228" rotation="0" />
    <line layer="TOP_ASSEMBLY" originx="-62.992125984251" originy="68.897637795275" endx="62.992125984251" endy="68.897637795275" width="3.9370078740157" />
    <line layer="TOP_ASSEMBLY" originx="62.992125984251" originy="68.897637795275" endx="62.992125984251" endy="-68.897637795275" width="3.9370078740157" />
    <line layer="TOP_ASSEMBLY" originx="62.992125984251" originy="-68.897637795275" endx="-62.992125984251" endy="-68.897637795275" width="3.9370078740157" />
    <line layer="TOP_ASSEMBLY" originx="-62.992125984251" originy="-68.897637795275" endx="-62.992125984251" endy="68.897637795275" width="3.9370078740157" />
    <line layer="TOP_PLACE_BOUND" originx="-106.29921259842" originy="127.95275590551" endx="106.29921259842" endy="127.95275590551" width="3.9370078740157" />
    <line layer="TOP_PLACE_BOUND" originx="106.29921259842" originy="127.95275590551" endx="106.29921259842" endy="-127.95275590551" width="3.9370078740157" />
    <line layer="TOP_PLACE_BOUND" originx="106.29921259842" originy="-127.95275590551" endx="-106.29921259842" endy="-127.95275590551" width="3.9370078740157" />
    <line layer="TOP_PLACE_BOUND" originx="-106.29921259842" originy="-127.95275590551" endx="-106.29921259842" endy="127.95275590551" width="3.9370078740157" />
    <line layer="TOP_SILKSCREEN" originx="43.307086614173" originy="68.897637795275" endx="62.992125984251" endy="68.897637795275" width="7.8740157480314" />
    <line layer="TOP_SILKSCREEN" originx="62.992125984251" originy="68.897637795275" endx="62.992125984251" endy="-11.811023622047" width="7.8740157480314" />
    <line layer="TOP_SILKSCREEN" originx="-43.307086614173" originy="68.897637795275" endx="-62.992125984251" endy="68.897637795275" width="7.8740157480314" />
    <line layer="TOP_SILKSCREEN" originx="-62.992125984251" originy="68.897637795275" endx="-62.992125984251" endy="-11.811023622047" width="7.8740157480314" />
    <line layer="TOP_SILKSCREEN" originx="-11.811023622047" originy="-68.897637795275" endx="11.811023622047" endy="-68.897637795275" width="7.8740157480314" />
    <line layer="TOP_SILKSCREEN" originx="45.275590551181" originy="-102.36220472441" endx="45.275590551181" endy="-102.36220472441" width="3.9370078740157" />
    <arc layer="TOP_SILKSCREEN" originx="45.275590551181" originy="-104.33070866142" startangle="90.0" sweepangle="180.0" radius="1.9685039370079" width="3.9370078740157" />
    <line layer="TOP_SILKSCREEN" originx="45.275590551181" originy="-106.29921259842" endx="45.275590551181" endy="-106.29921259842" width="3.9370078740157" />
    <arc layer="TOP_SILKSCREEN" originx="45.275590551181" originy="-104.33070866142" startangle="-90.0" sweepangle="180.0" radius="1.9685039370079" width="3.9370078740157" />
  </footprint>
  <symbol name="3313J-1-103E" originx="0" originy="0">
    <line originx="200" originy="100" endx="900" endy="100" width="0" />
    <line originx="900" originy="-200" endx="900" endy="100" width="0" />
    <line originx="900" originy="-200" endx="200" endy="-200" width="0" />
    <line originx="200" originy="100" endx="200" endy="-200" width="0" />
    <sympin number="1" originx="200" originy="-100" rotation="180" length="100" width="7.8740157480315" flipped="False">
      <text name="pinname" originx="230" originy="-100" style="Default" rotation="0" justify="left" flipped="False" hidden="False" data="CCW" />
      <text name="pindes" originx="140" originy="-80" style="Default" rotation="0" justify="lowerright" flipped="False" hidden="False" data="1" />
    </sympin>
    <sympin number="2" originx="900" originy="0" rotation="0" length="100" width="7.8740157480315" flipped="False">
      <text name="pinname" originx="870" originy="0" style="Default" rotation="0" justify="right" flipped="False" hidden="False" data="WIPER" />
      <text name="pindes" originx="960" originy="20" style="Default" rotation="0" justify="lowerleft" flipped="False" hidden="False" data="2" />
    </sympin>
    <sympin number="3" originx="200" originy="0" rotation="180" length="100" width="7.8740157480315" flipped="False">
      <text name="pinname" originx="230" originy="0" style="Default" rotation="0" justify="left" flipped="False" hidden="False" data="CW" />
      <text name="pindes" originx="140" originy="20" style="Default" rotation="0" justify="lowerright" flipped="False" hidden="False" data="3" />
    </sympin>
  </symbol>
  <component name="3313J-1-103E" designatorprefix="VR" height="94.488188976377" footprint="3313J1103E">
    <comppin designator="1" sympin="1" pinswap="0" gateswap="0" gate="1" group="1" side="" type="Any" name="CCW" />
    <comppin designator="2" sympin="2" pinswap="0" gateswap="0" gate="1" group="1" side="" type="Any" name="WIPER" />
    <comppin designator="3" sympin="3" pinswap="0" gateswap="0" gate="1" group="1" side="" type="Any" name="CW" />
    <attached_symbol gate="1" name="3313J-1-103E" />
    <pinmap designator="1" footprintpin="1" />
    <pinmap designator="2" footprintpin="2" />
    <pinmap designator="3" footprintpin="3" />
    <text name="Datasheet" originx="0" originy="0" style="Default" rotation="0" justify="" flipped="False" hidden="True" data="https://www.bourns.com/docs/Product-Datasheets/3313.pdf" />
    <text name="Description" originx="0" originy="0" style="Default" rotation="0" justify="" flipped="False" hidden="True" data="Bourns 3313J Series SMD Cermet Trimmer Resistor with J-Hook Terminations, 10k +/-20% 1/8W +/-100ppm/C Top Adjust" />
    <text name="Mouser Part Number" originx="0" originy="0" style="Default" rotation="0" justify="" flipped="False" hidden="True" data="652-3313J-1-103E" />
    <text name="Mouser Price/Stock" originx="0" originy="0" style="Default" rotation="0" justify="" flipped="False" hidden="True" data="https://www.mouser.co.uk/ProductDetail/Bourns/3313J-1-103E?qs=oM%2FE6%2FUWOpSJWTaqAX%252Bm%2Fw%3D%3D" />
    <text name="Manufacturer_Name" originx="0" originy="0" style="Default" rotation="0" justify="" flipped="False" hidden="True" data="Bourns" />
    <text name="Manufacturer_Part_Number" originx="950" originy="200" style="Default" rotation="0" justify="left" flipped="False" hidden="False" data="3313J-1-103E" />
  </component>
</quadcept_library>
